Job ID,Job URL,Job Title,Company Name,Status,Timestamp,WP ID
2949299ecc5167cd,https://co.linkedin.com/jobs/view/agente-call-center-occidente-de-barranquilla-at-pepe-ganga-4432367697,Agente Call Center Occidente de Barranquilla,,scraped,2026-07-07T00:08:27.670143,
e5b2f77652d6ff48,https://co.linkedin.com/jobs/view/ayudante-de-logistica-at-quala-4435819772,AYUDANTE DE LOGISTICA,Quala,posted,2026-07-07T00:09:51.021937,19
1fe8323dba4e0245,https://co.linkedin.com/jobs/view/profesional-de-seguridad-y-salud-del-trabajo-candelaria-at-comfandi-4436706963,Profesional de seguridad y salud del trabajo / Candelaria,Comfandi,posted,2026-07-07T00:10:05.803922,21
d94b85646272e340,https://co.linkedin.com/jobs/view/auxiliar-de-bodega-cargue-y-descargue-at-inter-rapid%C3%ADsimo-4436138269,"Auxiliar de bodega, cargue y descargue",,scraped,2026-07-07T00:10:08.364664,
be1d30dcb16ee07e,https://co.linkedin.com/jobs/view/ayudante-de-logistica-at-quala-4435455316,AYUDANTE DE LOGISTICA,Quala,scraped,2026-07-07T00:10:18.192458,
9543b461c912e602,https://co.linkedin.com/jobs/view/recepcionista-o-cajera-o-at-inter-rapid%C3%ADsimo-4436947398,Recepcionista (o) Cajera (o),,scraped,2026-07-07T00:10:21.065933,
c03b19f5e9947087,https://co.linkedin.com/jobs/view/auxliar-de-bodega-at-importadora-gran-andina-4435371439,AUXLIAR DE BODEGA,Importadora Gran Andina,posted,2026-07-07T00:11:10.627838,23
b8f2adf7baee466e,https://co.linkedin.com/jobs/view/ayudante-de-logistica-at-quala-4434318330,AYUDANTE DE LOGISTICA,Quala,scraped,2026-07-07T00:11:16.294825,
fd458ce5159bf00d,https://co.linkedin.com/jobs/view/meseros-at-winner-group-s-a-cirsa-colombia-4432367694,Meseros,,scraped,2026-07-07T00:11:19.021137,
1a84a8049961b833,https://co.linkedin.com/jobs/view/mesero-as-at-grupo-mx-4436327289,Mesero/as,,scraped,2026-07-07T00:11:28.793579,
0efc21d238be7c96,https://co.linkedin.com/jobs/view/comprador-at-quala-4437493045,Comprador,Quala,posted,2026-07-07T00:12:49.340319,25
303a5a03ea4f622e,https://co.linkedin.com/jobs/view/ejecutivo-ecommerce-postob%C3%B3n-at-postobon-s-a-4436709855,Ejecutivo Ecommerce Postobón,,scraped,2026-07-07T00:12:51.939222,
1e998109aec1dbe6,https://co.linkedin.com/jobs/view/operario-ii-at-postobon-s-a-4436909422,Operario II,,scraped,2026-07-07T00:12:58.403148,
4f5efdb9b63ab4cf,https://co.linkedin.com/jobs/view/operario-ii-at-postobon-s-a-4436914097,Operario II,,scraped,2026-07-07T00:13:04.823556,
06949a6101e220c2,https://co.linkedin.com/jobs/view/recepcionista-at-konfidetia-4436138264,Recepcionista,,scraped,2026-07-07T00:13:11.334418,
f63b2e12e13ee23c,https://co.linkedin.com/jobs/view/mensajero-at-domina-entrega-total-s-a-s-4435357249,Mensajero,Domina Entrega Total S.A.S,posted,2026-07-07T00:13:32.758161,27
9131f5eda5dca307,https://co.linkedin.com/jobs/view/docente-educaci%C3%B3n-infantil-preescolar-medio-tiempo-at-colegio-cambridge-international-education-4432383178,Docente Educación Infantil Preescolar / Medio tiempo,Colegio Cambridge International Education,posted,2026-07-07T00:13:43.273730,29
f439a7df9b1f154a,https://co.linkedin.com/jobs/view/asistente-contable-at-alfredo-l%C3%B3pez-y-c%C3%ADa-4437105145,Asistente contable,,scraped,2026-07-07T00:13:45.911348,
96fb19647891800a,https://co.linkedin.com/jobs/view/cajero-a-at-c%C3%A1mara-de-comercio-de-bucaramanga-4436907568,Cajero(a),,scraped,2026-07-07T00:13:53.447824,
e3876eba0d5ac5c8,https://co.linkedin.com/jobs/view/asistente-ejecutivo-de-gerencia-at-cl%C3%ADnica-la-riviera-4436125648,Asistente Ejecutivo de Gerencia,,scraped,2026-07-07T00:14:03.291423,
d50e761d1cfea256,https://co.linkedin.com/jobs/view/auxiliar-de-mantenimiento-at-aeropuertos-de-oriente-s-a-s-ado-4436708969,Auxiliar de Mantenimiento,,scraped,2026-07-07T00:14:09.660610,
d808c4f7bf04549c,https://co.linkedin.com/jobs/view/auxiliar-administrativa-at-jardines-la-colina-4437485587,Auxiliar Administrativa,,scraped,2026-07-07T00:14:18.043587,
3d44e0e19944240f,https://co.linkedin.com/jobs/view/auxiliar-l%C3%ADder-centro-de-correspondencia-inhouse-at-interservice-s-a-4436146061,Auxiliar Líder Centro de Correspondencia (Inhouse),,scraped,2026-07-07T00:14:31.006098,
97a6c36b9ebf5a35,https://co.linkedin.com/jobs/view/asesor-a-de-ventas-mesero-a-at-hornitos%C2%AE-panader%C3%ADa-pasteler%C3%ADa-4436132355,Asesor(a) de Ventas / Mesero(a),,scraped,2026-07-07T00:14:37.726752,
cc39de503b0959cd,https://co.linkedin.com/jobs/view/auxiliar-de-talento-humano-generalista-at-cl%C3%ADnica-medical-4436933906,"Auxiliar de Talento Humano, Generalista",,scraped,2026-07-07T00:14:44.535720,
8583a23ac1291add,https://co.linkedin.com/jobs/view/docentes-biling%C3%BCes-para-preescolar-at-instituto-ferrini-4436942424,Docentes bilingües para preescolar,Instituto Ferrini,posted,2026-07-07T00:15:00.762543,31
41c708762508a58f,https://co.linkedin.com/jobs/view/auxiliar-de-farmacia-at-audifarma-s-a-4436318755,Auxiliar de Farmacia,,scraped,2026-07-07T00:15:03.471279,
af82a1bd25e1b703,https://co.linkedin.com/jobs/view/auxiliar-aduanero-at-x-cargo-4436129493,Auxiliar Aduanero,X-Cargo,posted,2026-07-07T00:15:18.987617,33
15a15bce9b59808f,https://co.linkedin.com/jobs/view/analista-de-pqrs-at-ferrosvel-s-a-s-4436966523,Analista de PQRS,,scraped,2026-07-07T00:15:21.623562,
ee605bf2f37a9536,https://co.linkedin.com/jobs/view/auxiliar-de-farmacia-at-audifarma-s-a-4436314909,Auxiliar de Farmacia,,scraped,2026-07-07T00:16:34.925059,
ae164b72ea2f7cfd,https://co.linkedin.com/jobs/view/search-specialist-at-dentsu-4435477709,Search Specialist,,scraped,2026-07-07T00:16:41.826716,
91d79befc8284500,https://co.linkedin.com/jobs/view/conductor-a-e-reparto-y-recolecci%C3%B3n-de-mercanc%C3%ADa-at-gente-%C3%BAtil-s-a-4436427997,Conductor/a/e Reparto y recolección de mercancía,Gente Útil S.A.,posted,2026-07-07T00:16:59.539117,35
547a40410d84f42a,https://co.linkedin.com/jobs/view/docente-ingl%C3%A9s-en-tunja-at-ula-idiomas-4436126627,Docente inglés en Tunja,,scraped,2026-07-07T00:17:02.156607,
9c6c7eb4aad2ec54,https://co.linkedin.com/jobs/view/barista-aeropuerto-internacional-palonegro-bga-at-mesofoods-4436916008,Barista / Aeropuerto Internacional Palonegro (BGA),,scraped,2026-07-07T00:17:11.781191,
b1e34710419e2d37,https://co.linkedin.com/jobs/view/inspector-siso-pereira-at-valuance-consultores-4437466022,inspector siso - Pereira,,scraped,2026-07-07T00:18:22.739449,
8d0f922278aa395f,https://co.linkedin.com/jobs/view/mercaderista-at-mercadeo-efectivo-4436915001,Mercaderista,,scraped,2026-07-07T00:19:33.453958,
93253fe66f9a496f,https://co.linkedin.com/jobs/view/steward-limpieza-at-hornitos%C2%AE-panader%C3%ADa-pasteler%C3%ADa-4436438657,Steward/ Limpieza,,scraped,2026-07-07T00:19:40.299415,
4577c32a8eddf82e,https://co.linkedin.com/jobs/view/t%C3%A9cnico-a-de-control-de-ejecuci%C3%B3n-at-1a-ingenieros-4432769508,Técnico/a de Control de Ejecución,1A Ingenieros,posted,2026-07-07T00:19:59.214421,37
b50a97d945bf3b4e,https://co.linkedin.com/jobs/view/join-our-administrative-talent-pool-at-scandinavian-tobacco-group-4388712708,Join our Administrative Talent Pool,,scraped,2026-07-07T00:20:01.873217,
43bac3cd71e0054b,https://co.linkedin.com/jobs/view/auxiliar-y-o-regente-de-farmacia-at-health-life-ips-4436330096,Auxiliar y/o Regente de Farmacia,Health & Life IPS,posted,2026-07-07T00:20:18.943067,39
063d09f6b3a6c9c4,https://co.linkedin.com/jobs/view/supervisor-a-de-planta-de-producci%C3%B3n-de-alimentos-at-gente-%C3%BAtil-s-a-4436974470,Supervisor/a de Planta de producción de alimentos,Gente Útil S.A.,posted,2026-07-07T00:20:28.374431,41
b404aacab93470e4,https://co.linkedin.com/jobs/view/profesional-de-capacitaci%C3%B3n-comercial-at-axa-colpatria-4433135660,Profesional de capacitación comercial,AXA COLPATRIA,posted,2026-07-07T00:21:15.274251,43
44194b57752574f4,https://co.linkedin.com/jobs/view/capit%C3%A1n-de-meseros-at-m%C3%A1s-empleo-andi-4436456254,Capitán de Meseros,,scraped,2026-07-07T00:21:17.843115,
0bd9e7022c696814,https://co.linkedin.com/jobs/view/recepcionista-cajero-at-ghl-4433960982,RECEPCIONISTA CAJERO,,scraped,2026-07-07T00:21:24.685153,
f50640ec8e1550c5,https://co.linkedin.com/jobs/view/jefe-de-producci%C3%B3n-at-etex-4436974229,Jefe de Producción,,scraped,2026-07-07T00:22:34.853221,
eece90614bc5b2b4,https://co.linkedin.com/jobs/view/auxiliar-administrativo-a-at-inter-rapid%C3%ADsimo-4435338775,Auxiliar administrativo/a,,scraped,2026-07-07T00:22:42.132733,
5a9969904003acab,https://co.linkedin.com/jobs/view/t%C3%A9cnico-de-mantenimiento-at-postobon-s-a-4436911241,Técnico de Mantenimiento,,scraped,2026-07-07T00:22:48.417576,
492c188687075ed1,https://co.linkedin.com/jobs/view/jefe-de-operaciones-junior-at-lum-logistic-4436795820,Jefe de Operaciones Junior,LUM Logistic,posted,2026-07-07T00:23:08.258326,45
acfa3fbd9ad35ea7,https://co.linkedin.com/jobs/view/mercaimpulsadora-at-caf%C3%A9-quind%C3%ADo-s-a-s-4435359123,Mercaimpulsadora,,scraped,2026-07-07T00:23:10.879251,
b56eb56121e55e10,https://co.linkedin.com/jobs/view/tecnico-mantenimiento-maquinaria-bogot%C3%A1-at-postobon-s-a-4436941509,Tecnico Mantenimiento Maquinaria  Bogotá,,scraped,2026-07-07T00:23:17.639106,
e365c48b9a1a0272,https://co.linkedin.com/jobs/view/asesor-servicio-al-cliente-backoffice-at-connect-4435770819,Asesor servicio al cliente (Backoffice),Connect Assistance,posted,2026-07-07T00:24:35.967240,47
55aa317f33735a8b,https://co.linkedin.com/jobs/view/l%C3%ADder-de-proyectos-innovaci%C3%B3n-productos-at-genfar-4431929909,Líder de proyectos - Innovación productos,,scraped,2026-07-07T00:24:38.610176,
9dd0c94ffda21a8f,https://co.linkedin.com/jobs/view/desarrollador-comercial-at-postobon-s-a-4436318773,Desarrollador comercial,,scraped,2026-07-07T00:25:49.644707,
4d5eec5d1d859ab8,https://co.linkedin.com/jobs/view/profesional-de-salud-%E2%80%94-capacitador-sst-y-bpm-empresa-confidencial-bogot%C3%A1-at-sin-nombre-4434650984,Profesional De Salud — Capacitador Sst Y Bpm | Empresa Confidencial (Bogotá),Sin nombre,posted,2026-07-07T00:27:09.576002,49
f128a531162b6708,https://co.linkedin.com/jobs/view/recepcionista-trabajo-remoto-at-bairesdev-4436243259,Recepcionista - Trabajo Remoto,BairesDev,posted,2026-07-07T00:27:19.711955,51
0c0dc0db404db4e8,https://co.linkedin.com/jobs/view/supervisor-a-de-compras-at-coomeva-4436447275,Supervisor/a de Compras,,scraped,2026-07-07T00:27:22.440370,
bd3f134a11e78d6d,https://co.linkedin.com/jobs/view/electricista-at-industrias-puropollo-s-a-s-4436706951,Electricista,Industrias Puropollo S.A.S,posted,2026-07-07T00:27:37.815777,53
964bab10af935bbe,https://co.linkedin.com/jobs/view/analista-procesos-y-mejoramiento-continuo-bogot%C3%A1-at-cafam-oficial-4434660360,Analista Procesos Y Mejoramiento Continuo - Bogotá,,scraped,2026-07-07T00:27:40.514607,
3780a77f98e5ffa8,https://co.linkedin.com/jobs/view/mesero-a-at-sushi-light-4436436748,Mesero/a,Sushi Light,posted,2026-07-07T00:27:54.523935,55
d955be8f99ee574d,https://co.linkedin.com/jobs/view/auxiliar-de-admisiones-at-cl%C3%ADnica-de-occidente-4436932959,Auxiliar de Admisiones,Clínica de Occidente,posted,2026-07-07T00:28:04.425748,57
957dd08d8a0f048e,https://co.linkedin.com/jobs/view/analista-fisicoqu%C3%ADmico-at-jgb-s-a-4435413776,Analista fisicoquímico,,scraped,2026-07-07T00:28:07.159960,
2f3e450735afd817,https://co.linkedin.com/jobs/view/auxiliar-de-facturacion-at-asertempo-colombia-s-a-s-4436125638,Auxiliar de facturacion,,scraped,2026-07-07T00:28:15.789831,
65556ec882f50eba,https://co.linkedin.com/jobs/view/supervisor-de-producci%C3%B3n-at-helti-s-a-s-4436912227,Supervisor de producción,,scraped,2026-07-07T00:29:28.198003,
128ab05c6f643012,https://co.linkedin.com/jobs/view/asistente-servicio-tecnico-at-bpm-andina-4436914510,ASISTENTE SERVICIO TECNICO,,scraped,2026-07-07T00:29:38.434137,
7b6d9d26cfa81591,https://co.linkedin.com/jobs/view/coordinador-de-calidad-at-el-horno-4436904977,Coordinador de Calidad,El Horno,posted,2026-07-07T00:30:33.693018,59
f805af41b042ec25,https://co.linkedin.com/jobs/view/t%C3%A9cnico-en-mantenimiento-at-kfc-colombia-4436128538,Técnico en Mantenimiento,KFC Colombia,posted,2026-07-07T00:30:46.828789,61
fd97d625a420b5b0,https://co.linkedin.com/jobs/view/auxiliar-l%C3%ADder-de-despachos-inhouse-at-interservice-s-a-4436133391,Auxiliar Líder de Despachos (Inhouse),,scraped,2026-07-07T00:30:49.485487,
134c73fa442109c7,https://co.linkedin.com/jobs/view/personal-assistant-to-director-at-entrepreneur-cooperative-4434935105,Personal Assistant to Director,Entrepreneur Cooperative,posted,2026-07-07T00:31:02.356576,63
03681628b7cab43d,https://co.linkedin.com/jobs/view/director-de-producto-financiero-en-bucaramanga-at-crezcamos-s-a-4436909406,Director de producto financiero en Bucaramanga,Crezcamos S.A.,posted,2026-07-07T00:31:49.820887,65
178fdecf9d456714,https://co.linkedin.com/jobs/view/mercaderista-florencia-at-altipal-s-a-s-4435351324,Mercaderista  Florencia,,scraped,2026-07-07T00:31:52.279023,
156be6fc8f2a1978,https://co.linkedin.com/jobs/view/qa-req-on-2-at-ceipal-4436719185,QA Req On 2,CEIPAL,posted,2026-07-07T00:32:08.785917,67
43dc41ff6cad22b8,https://co.linkedin.com/jobs/view/almacenista-at-byd-colombia-4436440542,Almacenista,,scraped,2026-07-07T00:32:11.411579,
e834149de4e00839,https://co.linkedin.com/jobs/view/revisor-de-importaciones-at-international-labor-service-s-a-s-4436905631,Revisor de Importaciones,International Labor Service S.A.S.,posted,2026-07-07T00:32:31.326335,69
f9ab7a0005b9a701,https://co.linkedin.com/jobs/view/business-development-representative-remote-academic-partnerships-at-the-intern-group-4436102242,Business Development Representative- Remote Academic Partnerships,,scraped,2026-07-07T00:32:34.080942,
de18e7ffc5c619ac,https://co.linkedin.com/jobs/view/t%C3%A9cnico-en-control-de-plagas-at-seppsa-colombia-4437402486,Técnico en Control de Plagas,,scraped,2026-07-07T00:32:41.874740,
afc7171445f78956,https://co.linkedin.com/jobs/view/measuring-technician-at-microsourcing-4375001081,Measuring Technician,,scraped,2026-07-07T00:32:48.532454,
c3c997a87cbb542f,https://co.linkedin.com/jobs/view/asesor-de-riesgo-at-sevicol-ltda-4436139171,Asesor de riesgo,,scraped,2026-07-07T00:33:58.784438,
fe7472bd1ee58bd7,https://co.linkedin.com/jobs/view/ayudante-de-pintura-at-servimant-s-a-s-4432365992,ayudante de pintura,,scraped,2026-07-07T00:35:09.064553,
687af8fc6a81c7da,https://co.linkedin.com/jobs/view/domiciliario-de-punto-de-venta-at-cervalle-4436912212,Domiciliario de Punto de Venta,Cervalle,posted,2026-07-07T00:35:26.946883,71
0f48a62d98507493,https://co.linkedin.com/jobs/view/auxiliar-administrativo-ots-bucaramanga-at-l%C3%ADneas-hospitalarias-4436716543,Auxiliar administrativo OTS Bucaramanga,Líneas Hospitalarias,posted,2026-07-07T00:36:44.751176,73
7e2ae268aa495458,https://co.linkedin.com/jobs/view/director-a-de-comunicaciones-at-uniremington-4436323495,Director/a de Comunicaciones,Uniremington,posted,2026-07-07T00:36:55.113341,75
4ac83988847f6c72,https://co.linkedin.com/jobs/view/generalista-administrativo-at-health-life-ips-4436444341,Generalista Administrativo,Health & Life IPS,posted,2026-07-07T00:37:07.979601,77
bf6ff2c2aa9655f2,https://co.linkedin.com/jobs/view/analista-de-bodega-oticoff-at-laboratorios-ecar-4436904576,Analista de Bodega Oticoff,,scraped,2026-07-07T00:37:10.625126,
73f77c7be8264dc7,https://co.linkedin.com/jobs/view/operario-de-produccion-at-somar-supermercados-4436464350,OPERARIO DE PRODUCCION,Somar Supermercados,posted,2026-07-07T00:38:29.704811,79
7f7cf6acf01acb00,https://co.linkedin.com/jobs/view/director-de-proyectos-at-crezcamos-s-a-4436948336,Director de Proyectos,Crezcamos S.A.,posted,2026-07-07T00:39:16.552754,81
34f59f2f0163029f,https://co.linkedin.com/jobs/view/operario-planta-tratamiento-arnd-at-interaseo-s-a-s-e-s-p-4436708965,Operario  Planta Tratamiento ARnD,,scraped,2026-07-07T00:39:19.160084,
b5837742b9854ecf,https://co.linkedin.com/jobs/view/creativo-auxiliar-de-mercadeo-at-tiendas-moma-4436967640,Creativo / Auxiliar de Mercadeo,Tiendas MOMA,posted,2026-07-07T00:39:34.144240,83
bfca0c3aeebea0c3,https://co.linkedin.com/jobs/view/aprendiz-practicante-de-gesti%C3%B3n-humana-recursos-humanos-at-postobon-s-a-4436438660,Aprendiz practicante de Gestión Humana  / Recursos Humanos,,scraped,2026-07-07T00:39:36.839249,
e06d50eacdb884f7,https://co.linkedin.com/jobs/view/lavador-de-veh%C3%ADculos-at-mayorautos-grupo-empresarial-4436319753,Lavador de Vehículos,,scraped,2026-07-07T00:39:43.432933,
fd52155a7aed2eaa,https://co.linkedin.com/jobs/view/conductor-a-zona-y-%C3%A1rea-metropolitana-at-gente-%C3%BAtil-s-a-4436714651,Conductor/a Zona  y área metropolitana,Gente Útil S.A.,posted,2026-07-07T00:39:57.890381,85
b879298343f75ebb,https://co.linkedin.com/jobs/view/auxiliar-de-obra-at-gente-%C3%BAtil-s-a-4435341732,Auxiliar de obra,Gente Útil S.A.,posted,2026-07-07T00:40:09.940606,87
5c231bd33179e0b9,https://co.linkedin.com/jobs/view/col-b-13027-cajero-ii-at-brink%E2%80%99s-inc-4261034770,COL-B-13027-Cajero Ii,Brink’s Inc,posted,2026-07-07T00:40:19.608747,89
1d0f6c6923e69a73,https://co.linkedin.com/jobs/view/col-b-13027-cajero-ii-at-brink%E2%80%99s-inc-4261036641,COL-B-13027-Cajero Ii,Brink’s Inc,scraped,2026-07-07T00:40:23.769372,
00341b36f1ed533e,https://co.linkedin.com/jobs/view/col-b-13027-cajero-ii-at-brink%E2%80%99s-inc-4261037602,COL-B-13027-Cajero Ii,Brink’s Inc,scraped,2026-07-07T00:40:27.906648,
5244c3cd7acc1d5f,https://co.linkedin.com/jobs/view/col-b-13027-cajero-ii-at-brink%E2%80%99s-inc-4261040314,COL-B-13027-Cajero Ii,Brink’s Inc,scraped,2026-07-07T00:40:32.072810,
dfa3b951ffb8994f,https://co.linkedin.com/jobs/view/col-b-13027-cajero-ii-at-brink%E2%80%99s-inc-4261034767,COL-B-13027-Cajero Ii,Brink’s Inc,scraped,2026-07-07T00:40:36.291205,
1e61474a646fec0a,https://co.linkedin.com/jobs/view/col-b-13027-cajero-ii-at-brink%E2%80%99s-inc-4261038587,COL-B-13027-Cajero Ii,Brink’s Inc,scraped,2026-07-07T00:40:40.416744,
df8904c1ff78cf99,https://co.linkedin.com/jobs/view/cajero-ii-at-brink%E2%80%99s-inc-4261034784,Cajero II,Brink’s Inc,posted,2026-07-07T00:40:49.639491,91
a3467dbf956b3c0d,https://co.linkedin.com/jobs/view/mercaimpulsador-at-gente-%C3%BAtil-s-a-4436122984,Mercaimpulsador,Gente Útil S.A.,posted,2026-07-07T00:40:58.547116,93
7324f5f6e4cca6fb,https://co.linkedin.com/jobs/view/representante-de-ventas-contrataci%C3%B3n-inmediata-at-postobon-s-a-4437477788,Representante de Ventas Contratación Inmediata,,scraped,2026-07-07T00:41:01.311325,
abed99c2d6d44f04,https://co.linkedin.com/jobs/view/auxiliar-de-soporte-t%C3%A9cnico-en-sistemas-at-inter-rapid%C3%ADsimo-4432385097,Auxiliar de Soporte Técnico en Sistemas,,scraped,2026-07-07T00:41:07.807921,
383c6852decb1118,https://co.linkedin.com/jobs/view/oficiales-el%C3%A9ctricos-sin-conte-ayudantes-avanzados-construcci%C3%B3n-at-asertempo-colombia-s-a-s-4436140163,Oficiales Eléctricos/Sin Conte/ ayudantes avanzados/construcción,,scraped,2026-07-07T00:41:14.407797,
8f396a9271a25c2a,https://co.linkedin.com/jobs/view/auxiliar-comercial-at-interaseo-s-a-s-e-s-p-4436947373,Auxiliar Comercial,,scraped,2026-07-07T00:42:26.228060,
e336bf7d7c04970e,https://co.linkedin.com/jobs/view/auxiliar-de-seguridad-y-salud-en-el-trabajo-personas-con-discapacidad-palmira-at-comfandi-4436902765,"Auxiliar de Seguridad y Salud en el Trabajo Personas con discapacidad,  Palmira",Comfandi,posted,2026-07-07T00:43:47.413182,95
629ff9d9ebbd13ae,https://co.linkedin.com/jobs/view/auxiliar-de-enfermer%C3%ADa-at-cristal-alimentos-4436450794,Auxiliar de Enfermería,Cristal Alimentos,posted,2026-07-07T00:43:59.038026,97
2d23615a4b7370f4,https://co.linkedin.com/jobs/view/asistente-de-auditoria-at-recursivos-serviayuda-sas-4436126597,Asistente de auditoria,Recursivos Serviayuda SAS,posted,2026-07-07T00:44:08.825571,99
e40a294cdea1c3b5,https://co.linkedin.com/jobs/view/secretaria-acad%C3%A9mica-bogot%C3%A1-at-innova-schools-colombia-4436711826,Secretaria Académica Bogotá,Innova Schools Colombia,posted,2026-07-07T00:45:28.454550,101
215eacbdc723a878,https://co.linkedin.com/jobs/view/auxiliar-de-farmacia-at-cl%C3%ADnica-medicadiz-4436911275,Auxiliar de farmacia,,scraped,2026-07-07T00:45:31.034624,
8fc5ed74e92d295f,https://co.linkedin.com/jobs/view/asistente-de-gerencia-y-facturaci%C3%B3n-at-alimentos-gamar-s-a-s-4436143108,Asistente de gerencia y Facturación,,scraped,2026-07-07T00:45:38.298019,
d6c9b3950c4faa94,https://co.linkedin.com/jobs/view/asesor-a-en-log%C3%ADstica-eventos-at-coomeva-4436133393,Asesor/a  en Logística eventos,,scraped,2026-07-07T00:45:44.716377,
18ccb31ad91759ed,https://co.linkedin.com/jobs/view/auxiliar-de-oficina-chinchin%C3%A1-at-fundaci%C3%B3n-delamujer-4436933912,Auxiliar de Oficina Chinchiná,,scraped,2026-07-07T00:46:55.667136,
3efe9ad9babe8e59,https://co.linkedin.com/jobs/view/tecnico-de-mantenimiento-at-byd-colombia-4436430896,Tecnico de mantenimiento,,scraped,2026-07-07T00:48:05.843614,
3f53aef0da2aaf44,https://co.linkedin.com/jobs/view/auxiliar-de-bodega-at-gente-%C3%BAtil-s-a-4436936823,Auxiliar de bodega,Gente Útil S.A.,posted,2026-07-07T00:48:22.356314,103
e5169e6f6112cafe,https://co.linkedin.com/jobs/view/asistente-administrativo-at-imicl-sas-4434668341,Asistente Administrativo,,scraped,2026-07-07T00:48:25.059437,
5c3a7a3cd45a7411,https://co.linkedin.com/jobs/view/tecnico-de-proyectos-at-byd-colombia-4436954111,Tecnico de proyectos,,scraped,2026-07-07T00:48:31.353283,
7aa3dc157149b8c7,https://co.linkedin.com/jobs/view/lider-de-proyecto-sector-limpieza-at-casalimpia-s-a-4436995502,"Lider de proyecto, sector limpieza",Casalimpia S.A.,posted,2026-07-07T00:49:56.381833,105
99135c0c2ee7dda2,https://co.linkedin.com/jobs/view/auxiliar-log%C3%ADstico-almacenista-at-inter-rapid%C3%ADsimo-4436797913,Auxiliar logístico / Almacenista,,scraped,2026-07-07T00:49:59.203976,
27a1c4372d5fbe4a,https://co.linkedin.com/jobs/view/auxiliar-de-producci%C3%B3n-at-solla-s-a-4436324349,Auxiliar de Producción,,scraped,2026-07-07T00:50:05.505497,
e2728be02fb8b4e1,https://co.linkedin.com/jobs/view/auxiliar-de-sistemas-at-muncher-4436330119,Auxiliar de Sistemas,Muncher,posted,2026-07-07T00:51:28.834930,107
dd251df55f6ebd2c,https://co.linkedin.com/jobs/view/auxiliar-de-seguridad-at-merca-z-4435358174,Auxiliar de seguridad,Merca Z,posted,2026-07-07T00:51:38.187286,109
d94c999cff496a90,https://co.linkedin.com/jobs/view/conductor-de-veh%C3%ADculo-refrigerado-at-pollo-al-dia-4436317796,Conductor de vehículo refrigerado,Pollo al Dia,posted,2026-07-07T00:51:48.925624,111
36bc7577b4c25125,https://co.linkedin.com/jobs/view/todero-b%C3%A1sico-operario-de-mantenimiento-bogot%C3%A1-at-jm-martinez-4435348416,"Todero básico, operario de mantenimiento Bogotá",,scraped,2026-07-07T00:51:51.621537,
3f745f58b6901cef,https://co.linkedin.com/jobs/view/remote-appointment-setter-at-emma-of-torre-ai-4437450369,Remote Appointment Setter,Emma of Torre.ai,posted,2026-07-07T00:53:08.499064,113
004b49c8195501fb,https://co.linkedin.com/jobs/view/carrocero-a-i-ii-iii-at-este-es-mi-bus-s-a-s-4437485601,"Carrocero/a I, II, III",ESTE ES MI BUS S.A.S,posted,2026-07-07T00:53:21.785314,115
ea412bfcd98cd47f,https://co.linkedin.com/jobs/view/coordinador-de-operaciones-despachador-buenaventura-at-teclogi-4436952184,Coordinador de Operaciones/Despachador/ Buenaventura,,scraped,2026-07-07T00:53:24.424487,
ea9865ffabc20b81,https://co.linkedin.com/jobs/view/bilingual-retail-expansion-specialist-at-oppo-4435238054,Bilingual Retail Expansion Specialist,,scraped,2026-07-07T00:53:30.916669,
1f5e0af7f506769d,https://co.linkedin.com/jobs/view/inside-sales-appointment-setter-medell%C3%ADn-at-empresa-l%C3%ADder-4436240094,Inside Sales Appointment Setter (Medellín),Empresa Líder,posted,2026-07-07T00:53:49.497290,117
d456b173dac0f9df,https://co.linkedin.com/jobs/view/montacarguista-at-nomos-impresores-4436442494,Montacarguista,Nomos Impresores,posted,2026-07-07T00:53:59.067974,119
7b5b152534696b34,https://co.linkedin.com/jobs/view/asistente-de-atenci%C3%B3n-de-necesidades-b%C3%A1sicas-at-danish-refugee-council-dansk-flygtningehj%C3%A6lp-4434368421,Asistente de Atención de Necesidades Básicas,,scraped,2026-07-07T00:54:01.538749,
bbc8c47b59b0a530,https://co.linkedin.com/jobs/view/vendedor-de-educaci%C3%B3n-at-kodland-latinoam%C3%A9rica-4431961070,Vendedor de educación,Kodland Latinoamérica,posted,2026-07-07T00:54:14.992184,121
9a870204e452bc7e,https://co.linkedin.com/jobs/view/auxiliar-de-taller-tecnico-mantenimiento-industrial-o-afines-at-home-sentry-4435380296,AUXILIAR DE TALLER - TECNICO MANTENIMIENTO INDUSTRIAL O AFINES,,scraped,2026-07-07T00:54:17.603852,
eb83d385b4fe0bf6,https://co.linkedin.com/jobs/view/mesero-modalidad-eventual-at-ryc-temporales-sas-4432380290,Mesero Modalidad Eventual,RYC TEMPORALES SAS,posted,2026-07-07T00:55:36.810219,123
0b7c99284f130883,https://co.linkedin.com/jobs/view/profesional-de-datos-modelo-comercial-at-axa-colpatria-4433979613,Profesional de Datos Modelo Comercial,AXA COLPATRIA,posted,2026-07-07T00:56:23.777372,125
a8eb465f7a97dcd5,https://co.linkedin.com/jobs/view/ayudante-de-cargue-y-descargue-turno-1-00-a-10-00-pm-at-ferreter%C3%ADa-los-fierros-4436445278,Ayudante de Cargue y Descargue / Turno 1:00 a 10:00 pm,FERRETERÍA LOS FIERROS,posted,2026-07-07T00:56:33.474727,127
8730422765612f1b,https://co.linkedin.com/jobs/view/auxiliar-administrativo-at-sun-valley-investments-4432381283,Auxiliar administrativo,Sun Valley Investments,posted,2026-07-07T00:56:43.620342,129
f0631d395ef0c209,https://co.linkedin.com/jobs/view/accountant-at-red-bull-4416948348,Accountant,,scraped,2026-07-07T00:56:46.431712,
bf064d1b3c8ca377,https://co.linkedin.com/jobs/view/auxiliar-log%C3%ADstico-y-operativo-at-ultra-en-l%C3%ADnea-4432775985,Auxiliar Logístico y Operativo,Ultra en Línea,posted,2026-07-07T00:57:00.227360,131
97b17420c0214df2,https://co.linkedin.com/jobs/view/tecnico-de-mantenimiento-at-byd-colombia-4436720268,Tecnico de mantenimiento,,scraped,2026-07-07T00:57:02.809272,
7bdd6bafd87ec227,https://co.linkedin.com/jobs/view/agentes-de-mesa-t%C3%A9cnicos-en-sistemas-at-heimcore-4436953163,Agentes de mesa/ Técnicos en sistemas,,scraped,2026-07-07T00:57:13.315584,
b01130bcf338652c,https://co.linkedin.com/jobs/view/conductores-padr%C3%B3n-at-organizaci%C3%B3n-suma-s-a-s-4436794861,Conductores Padrón,,scraped,2026-07-07T00:57:21.461969,
c42361b288e57083,https://co.linkedin.com/jobs/view/l%C3%ADder-de-equipo-de-atenci%C3%B3n-de-necesidades-b%C3%A1sicas-at-reliefweb-4434653404,Líder de Equipo de Atención de Necesidades Básicas,ReliefWeb,posted,2026-07-07T00:58:38.886758,133
05b9bd51e4c72c67,https://co.linkedin.com/jobs/view/conductor-ayudante-at-energizando-ingenier%C3%ADa-y-construcci%C3%B3n-s-a-s-4435349374,Conductor Ayudante,Energizando Ingeniería y Construcción S.A.S,posted,2026-07-07T00:59:56.266127,135
7e812ac4f03942ef,https://co.linkedin.com/jobs/view/coordinador-de-procesos-y-mejora-continua-at-casa-inglesa-colombia-4437485600,Coordinador de Procesos y Mejora Continua,,scraped,2026-07-07T00:59:59.038600,
c9428046276237a3,https://co.linkedin.com/jobs/view/auxiliar-administrativo-inclusi%C3%B3n-laboral-persona-con-discapcidad-at-m%C3%A1s-empleo-andi-4436454281,Auxiliar Administrativo - Inclusión Laboral (Persona Con Discapcidad),,scraped,2026-07-07T01:00:05.897687,
2980e639b1ef288c,https://co.linkedin.com/jobs/view/t%C3%A9cnico-mantenimiento-locativo-at-postobon-s-a-4436447241,Técnico mantenimiento locativo,,scraped,2026-07-07T01:00:12.877868,
bee48b1225d30d26,https://co.linkedin.com/jobs/view/conductores-padr%C3%B3n-at-organizaci%C3%B3n-suma-s-a-s-4436326290,Conductores padrón,,scraped,2026-07-07T01:00:19.520987,
109c9c13631c4da4,https://co.linkedin.com/jobs/view/auxiliar-de-produccion-at-solla-s-a-4435355297,Auxiliar de Produccion,,scraped,2026-07-07T01:00:26.059339,
14d8968b4ef771c9,https://co.linkedin.com/jobs/view/auxiliar-de-bodega-at-gente-%C3%BAtil-s-a-4437476918,Auxiliar de bodega,Gente Útil S.A.,posted,2026-07-07T01:00:37.696698,103
17a93417adfb432d,https://co.linkedin.com/jobs/view/gerente-punto-de-venta-asesor-comercial-auxiliar-de-bodega-at-nacional-de-electricos-4436125664,"Gerente punto de venta,asesor comercial, auxiliar de bodega",,scraped,2026-07-07T01:00:40.345593,
b12be107d9dd8ef4,https://co.linkedin.com/jobs/view/empacador-palmira-vacante-dirigida-a-personas-con-discapacidad-at-comfandi-4436942434,Empacador / Palmira / Vacante dirigida a personas con discapacidad,Comfandi,posted,2026-07-07T01:01:02.651315,137
2d4e05a62888c9f2,https://co.linkedin.com/jobs/view/auxiliar-de-bodega-operario-sierra-vertical-enchapadora-seccionadora-at-metales-y-maderas-4435358172,"Auxiliar de bodega, Operario Sierra Vertical, Enchapadora, Seccionadora",,scraped,2026-07-07T01:01:05.301050,
ffdd6150765743eb,https://co.linkedin.com/jobs/view/mensajero-motorizado-at-interservice-s-a-4436940507,Mensajero Motorizado,,scraped,2026-07-07T01:01:16.536944,
79bda34870f7fdbe,https://co.linkedin.com/jobs/view/auxiliar-de-farmacia-bogot%C3%A1-zona-sur-at-medipiel-4432385101,Auxiliar de Farmacia Bogotá Zona Sur,,scraped,2026-07-07T01:02:26.901303,
fe1efb3c964cf348,https://co.linkedin.com/jobs/view/auxiliar-de-servicios-generales-%E2%80%93-f%C3%A1brica-at-mario-hern%C3%A1ndez-4436912230,Auxiliar de Servicios Generales – Fábrica,,scraped,2026-07-07T01:02:33.365802,
e68f5b6c18f84ff5,https://co.linkedin.com/jobs/view/asistente-administrativo-at-johnson-controls-4433725685,Asistente Administrativo,,scraped,2026-07-07T01:02:40.347902,
abf2d10084dd6194,https://co.linkedin.com/jobs/view/auxiliar-de-procesamiento-pereira-7-horas-auxiliar-de-enfermeria-laboratorio-at-synlab-colombia-4436709864,Auxiliar de Procesamiento / Pereira / 7 horas / Auxiliar de Enfermeria Laboratorio,,scraped,2026-07-07T01:02:46.562640,
1c37943871beef65,https://co.linkedin.com/jobs/view/analista-junior-banca-privada-at-progresi%C3%B3n-scb-4436445288,Analista Junior Banca Privada,,scraped,2026-07-07T01:03:57.470681,
881e6ada812d8630,https://co.linkedin.com/jobs/view/auxiliar-operativo-at-dhl-supply-chain-4437467341,AUXILIAR OPERATIVO,DHL Supply Chain,posted,2026-07-07T01:04:54.501128,139
1ae06532f9e110ff,https://co.linkedin.com/jobs/view/mercaderista-medio-tiempo-at-people-marketing-s-a-s-4437493421,Mercaderista medio  tiempo,,scraped,2026-07-07T01:04:57.196028,
abe468f908f9838a,https://co.linkedin.com/jobs/view/asistente-de-comercio-exterior-at-c-i-centurion-foods-sas-4437473385,ASISTENTE DE COMERCIO EXTERIOR,,scraped,2026-07-07T01:05:03.232604,
cb4a0d14a0558623,https://co.linkedin.com/jobs/view/sarika-mittal-at-womentech-network-pakistan-4432371168,Sarika  Mittal,,scraped,2026-07-07T01:05:10.089256,
fd1691f96bd68bb7,https://co.linkedin.com/jobs/view/hubspot-administrator-at-emapta-global-4436270383,Hubspot Administrator,,scraped,2026-07-07T01:06:22.011511,
b8f99ab18dad9131,https://co.linkedin.com/jobs/view/auxiliar-inventarios-at-navitrans-colombia-4436438642,Auxiliar Inventarios,,scraped,2026-07-07T01:06:28.397643,
2aff401cea9e0ee3,https://co.linkedin.com/jobs/view/conductor-at-gvm-corporation-sas-4437190165,Conductor,,scraped,2026-07-07T01:06:41.049813,
9b9473049170f6db,https://co.linkedin.com/jobs/view/sales-development-representative-at-outsourced-4433110266,Sales Development Representative,,scraped,2026-07-07T01:06:50.773939,
11e8885a50a8c4ed,https://co.linkedin.com/jobs/view/cra-ii-beijing-at-syneos-health-4435575517,CRA II - Beijing,,scraped,2026-07-07T01:06:58.879323,
d37d8bd25539deb8,https://co.linkedin.com/jobs/view/some-sem-specialist-bilingue-at-dentsu-4435476778,SOME & SEM Specialist - Bilingue,,scraped,2026-07-07T01:07:06.072616,
50f96fbc4c074e4e,https://co.linkedin.com/jobs/view/machine-operator-categor%C3%ADa-6-at-kimberly-clark-4432721781,Machine Operator Categoría 6,,scraped,2026-07-07T01:07:14.969979,
cb05aa5b7ab6747a,https://co.linkedin.com/jobs/view/consultor-a-de-selecci%C3%B3n-at-idom-consulting-engineering-architecture-4420759380,Consultor/a de Selección,,scraped,2026-07-07T01:08:26.253309,
589d2240f410fec5,https://co.linkedin.com/jobs/view/almacenista-at-maderkit-sa-4436145088,Almacenista,Maderkit S.A.,posted,2026-07-07T01:08:47.844482,141
9214f37a82121e3c,https://co.linkedin.com/jobs/view/l%C3%ADder-de-procesos-archiv%C3%ADsticos-at-sysdatec-corp-4437452939,Líder de Procesos Archivísticos,SYSDATEC Corp,posted,2026-07-07T01:10:09.444406,143
fe89d3e5a21b67a7,https://co.linkedin.com/jobs/view/conductor-at-oral-plus-colombia-4436426980,Conductor,Oral Plus Colombia,posted,2026-07-07T01:11:27.311849,145
9ea101cccc6c10f0,https://co.linkedin.com/jobs/view/mdm-specialist-at-tmf-group-4436742861,MDM Specialist,,scraped,2026-07-07T01:11:30.030433,
edd9434779bc80f7,https://co.linkedin.com/jobs/view/agente-de-pbx-at-four-seasons-4436108843,Agente de PBX,Four Seasons,posted,2026-07-07T01:11:47.740023,147
b1a047256875678e,https://co.linkedin.com/jobs/view/trafficker-at-ariadna-communications-group-4433338564,Trafficker,Ariadna Communications Group,posted,2026-07-07T01:12:01.876566,149
8118b4e31d04ff04,https://co.linkedin.com/jobs/view/passport-advisor-at-auxis-4433724259,Passport Advisor,Auxis,posted,2026-07-07T01:12:12.175390,151
91685ac9e9b1b82a,https://co.linkedin.com/jobs/view/sales-development-representative-at-wing-assistant-4435498435,Sales Development Representative,,scraped,2026-07-07T01:12:14.957949,
f0b8a129eea9d058,https://co.linkedin.com/jobs/view/auxiliar-de-bodega-o-log%C3%ADstico-at-servicios-profesionales-4437486509,Auxiliar de Bodega o Logístico,Servicios Profesionales,posted,2026-07-07T01:12:30.882849,153
a81b08467b503730,https://co.linkedin.com/jobs/view/gerente-de-oficina-microfinanzas-at-banco-de-las-microfinanzas-bancamia-s-a-4436944420,Gerente de oficina Microfinanzas,,scraped,2026-07-07T01:12:33.692121,
be00ca4a84ac3600,https://co.linkedin.com/jobs/view/auxiliar-de-mantenimiento-at-cervalle-4436139173,Auxiliar de mantenimiento,,scraped,2026-07-07T01:14:50.171393,
bd4176cbc04c1800,https://co.linkedin.com/jobs/view/profesional-social-gesti%C3%B3n-comunitaria-e-impactos-ci%C3%A9naga-de-oro-at-sin-nombre-4434657572,Profesional Social Gestión Comunitaria E Impactos. (Ciénaga De Oro),Sin nombre,posted,2026-07-07T01:15:13.172836,155
62a5ea26efc61e87,https://co.linkedin.com/jobs/view/auxiliar-administrativo-%E2%80%93-horario-rotativo-at-pepsico-4434503217,Auxiliar Administrativo – Horario rotativo,,scraped,2026-07-07T01:15:15.807242,
2f0b1954c344116f,https://co.linkedin.com/jobs/view/inspector-syst-at-marval-s-a-4436311976,Inspector SYST,,scraped,2026-07-07T01:15:23.332237,
8a8409a71c6ad0d8,https://co.linkedin.com/jobs/view/auxiliar-de-enfermeria-de-linea-de-atencion-y-telesalud-at-coomeva-4435343546,Auxiliar de enfermeria de linea de atencion y telesalud,,scraped,2026-07-07T01:15:30.704623,
054e083e19b0bd7c,https://co.linkedin.com/jobs/view/asesor-de-experiencia-al-cliente-contrato-fijo-at-scotiabank-4436269286,Asesor de Experiencia al Cliente ( contrato fijo),,scraped,2026-07-07T01:17:47.552266,
c6fd2e3421fb055b,https://co.linkedin.com/jobs/view/supervisor-de-operaciones-en-%C3%A1rea-de-alimentos-at-osti-est-sas-4436917338,Supervisor de Operaciones en área de Alimentos,,scraped,2026-07-07T01:18:57.869236,
1032dfabfcc3ff60,https://co.linkedin.com/jobs/view/auxiliar-de-archivo-con-experiencia-de-1a%C3%B1o-cali-at-comfenalco-valle-delagente-4436906552,Auxiliar de Archivo con experiencia de 1año  Cali,Comfenalco Valle delagente,posted,2026-07-07T01:19:17.571582,157
028a7cc74198eb3a,https://co.linkedin.com/jobs/view/analista-de-comunicaciones-y-bienestar-organizacional-at-asstracud-4436716537,Analista de comunicaciones y Bienestar organizacional,,scraped,2026-07-07T01:19:20.200173,
16438186c95e1a00,https://co.linkedin.com/jobs/view/l%C3%ADder-de-ventas-at-meico-s-a-4436709851,Líder de Ventas,,scraped,2026-07-07T01:19:28.319795,
9eb47dd75bed8edb,https://co.linkedin.com/jobs/view/conductor-de-furg%C3%B3n-at-sucampo-4436793879,Conductor de Furgón,Sucampo,posted,2026-07-07T01:19:48.383473,159
6536d194a6f4fb28,https://co.linkedin.com/jobs/view/rn-at-pikes-peak-post-acute-4436139792,RN,,scraped,2026-07-07T01:19:51.560635,
cb855e6483f8fa6e,https://co.linkedin.com/jobs/view/analista-de-calidad-at-paranice-%C2%AE-4436326308,Analista de calidad,,scraped,2026-07-07T01:19:58.581042,
ea4833dd7b38ad22,https://co.linkedin.com/jobs/view/apoyo-log%C3%ADstico-y-vigilancia-at-colegio-cambridge-international-education-4436432919,Apoyo Logístico y Vigilancia,Colegio Cambridge International Education,posted,2026-07-07T01:21:20.054645,161
2e45d2218c84f624,https://co.linkedin.com/jobs/view/tecnico-en-mantenimiento-hospitalario-equipos-biomedicos-at-amanecer-medico-sas-4436451004,Tecnico en Mantenimiento Hospitalario / Equipos Biomedicos,,scraped,2026-07-07T01:21:22.623739,
9b95813a6b82c252,https://co.linkedin.com/jobs/view/practicante-documental-archiv%C3%ADstica-at-interaseo-s-a-s-e-s-p-4436913144,Practicante Documental/Archivística,,scraped,2026-07-07T01:22:34.301113,
fd75905a46e71bdf,https://co.linkedin.com/jobs/view/meseros-asesor-de-servicio-auxiliar-de-mesas-runner-capit%C3%A1n-de-meseros-baristas-cajeros-at-somos-masa-4436432910,Meseros / Asesor de servicio / Auxiliar de mesas / Runner / Capitán de meseros / Baristas / Cajeros,,scraped,2026-07-07T01:22:40.652947,
fb91f6dec34a8db4,https://co.linkedin.com/jobs/view/profesional-de-reclutamiento-y-selecci%C3%B3n-at-gente-%C3%BAtil-s-a-4436965676,Profesional de reclutamiento y selección,,scraped,2026-07-07T01:22:47.600744,
1616c8ce75c2716f,https://co.linkedin.com/jobs/view/analista-hse-sector-transporte-at-grupo-petromil-4433741058,Analista HSE-Sector Transporte-,,scraped,2026-07-07T01:22:54.162033,
b4120c81a8264699,https://co.linkedin.com/jobs/view/marketing-coordinator-remote-from-colombia-spain-at-tessera-4433961099,Marketing Coordinator - Remote from Colombia/Spain,Tessera,posted,2026-07-07T01:23:23.954763,163
a1349626916d9b55,https://co.linkedin.com/jobs/view/investigador-postdoctoral-en-biotecnolog%C3%ADa-biolog%C3%ADa-sint%C3%A9tica-at-pontificia-universidad-javeriana-cali-4436145230,Investigador Postdoctoral en Biotecnología (Biología Sintética),Pontificia Universidad Javeriana Cali,posted,2026-07-07T01:24:39.696728,165
5189b2ae1d7bc4c0,https://co.linkedin.com/jobs/view/ejecutivo-a-comercial-externo-a-at-coomeva-4435352306,Ejecutivo/a Comercial Externo/a,,scraped,2026-07-07T01:24:42.631710,
c82ce673bae2ff77,https://co.linkedin.com/jobs/view/analista-de-datos-at-ferrosvel-s-a-s-4436979242,Analista de Datos,,scraped,2026-07-07T01:24:50.223824,
fd0abc114bf82611,https://co.linkedin.com/jobs/view/auxiliar-de-operaciones-at-talentos-ditransa-4436132361,Auxiliar de operaciones,,scraped,2026-07-07T01:25:00.809997,
6518fe878ed837a9,https://co.linkedin.com/jobs/view/supervisora-administrativa-at-recursivos-serviayuda-sas-4436439618,Supervisora Administrativa,,scraped,2026-07-07T01:25:07.748903,
fb5e21b08858d420,https://co.linkedin.com/jobs/view/gerente-de-proyectos-at-ezytec-4436953165,Gerente de Proyectos,,scraped,2026-07-07T01:25:18.543185,
e03ef14336e24334,https://co.linkedin.com/jobs/view/ingeniero-a-sr-de-facilidades-at-parex-resources-4435457303,Ingeniero(a) Sr de Facilidades,,scraped,2026-07-07T01:26:30.677518,
6566e84e162833fe,https://co.linkedin.com/jobs/view/analista-de-selecci%C3%B3n-y-contrataci%C3%B3n-at-choho-colombia-sas-4436910301,Analista de Selección y Contratación,,scraped,2026-07-07T01:27:41.582277,
5fa1122df856b180,https://co.linkedin.com/jobs/view/analista-de-contrataci%C3%B3n-y-n%C3%B3mina-at-conhydra-s-a-e-s-p-4436131405,Analista de Contratación y Nómina,,scraped,2026-07-07T01:28:51.750652,
bc4882912c416cfd,https://co.linkedin.com/jobs/view/analista-de-selecci%C3%B3n-bogot%C3%A1-at-ogm-colombia-4436242049,Analista De Selección (Bogotá),,scraped,2026-07-07T01:30:04.077415,
a3fef1b9c45ac516,https://co.linkedin.com/jobs/view/gerente-de-compras-regional-at-money-inc-4433986393,Gerente de Compras Regional,"Money, Inc.",posted,2026-07-07T01:30:34.221142,167
db82ce0dbc478634,https://co.linkedin.com/jobs/view/arquitecto-junior-bogot%C3%A1-at-sin-nombre-4435235724,Arquitecto Junior (Bogotá),Sin nombre,posted,2026-07-07T01:30:45.769706,169
834ad6cdae4083be,https://co.linkedin.com/jobs/view/controller-de-gesti%C3%B3n-at-constructora-h%C3%A1bitat-de-los-andes-4437481737,Controller de Gestión,,scraped,2026-07-07T01:30:48.876207,
c026235c25842c12,https://co.linkedin.com/jobs/view/analista-de-almac%C3%A9n-e-inventarios-at-gente-%C3%BAtil-s-a-4436435851,Analista de almacén e inventarios,,scraped,2026-07-07T01:30:57.210997,
727f9f434edb1e5b,https://co.linkedin.com/jobs/view/comprador-at-davita-colombia-4436317838,Comprador,,scraped,2026-07-07T01:31:35.290385,
ae438e81239c4af9,https://co.linkedin.com/jobs/view/agente-de-cartera-at-faranda-hotels-resorts-4436950269,Agente de Cartera,,scraped,2026-07-07T01:31:44.733964,
32c9520bbe8e66e8,https://co.linkedin.com/jobs/view/t%C3%A9cnico-generaci%C3%B3n-1-at-trienergy-4436794851,Técnico generación 1,,scraped,2026-07-07T01:32:55.228142,
4de2b1902f8d834c,https://co.linkedin.com/jobs/view/auxiliar-de-mantenimiento-at-cervalle-4436139172,Auxiliar de mantenimiento,,scraped,2026-07-07T01:33:07.064167,
8f6bb05ff0d07f71,https://co.linkedin.com/jobs/view/conductor-tat-at-quimica-cosmos-4436446263,Conductor TAT,Quimica Cosmos,posted,2026-07-07T01:34:27.445519,171
248f97190510ed53,https://co.linkedin.com/jobs/view/convocatoria-masiva-7-de-julio-2026-guardas-de-seguridad-yumbo-at-seguridad-omega-4437478854,Convocatoria Masiva 7 de Julio 2026 Guardas de Seguridad Yumbo,,scraped,2026-07-07T01:34:30.381930,
9dc6dee8cca9aad1,https://co.linkedin.com/jobs/view/auxiliar-de-cocina-cali-at-alimentos-sas-4435475492,Auxiliar de cocina - Cali,,scraped,2026-07-07T01:34:36.979851,
0d23236061a3b285,https://co.linkedin.com/jobs/view/ppc-specialist-at-pavago-4434611494,PPC Specialist,,scraped,2026-07-07T01:34:45.579803,
258f16bed365c478,https://co.linkedin.com/jobs/view/global-governance-and-security-experts-at-ntu-international-a-s-4437411106,Global Governance and Security Experts,,scraped,2026-07-07T01:35:00.518814,
6f61c633365f4b23,https://co.linkedin.com/jobs/view/coordinador-oymm-at-hesego-ingenier%C3%ADa-sas-4436128570,Coordinador OYMM,,scraped,2026-07-07T01:35:08.334997,
c6c874a577856c37,https://co.linkedin.com/jobs/view/auxiliar-corte-de-carnes-at-merca-z-4436326338,Auxiliar corte de carnes,,scraped,2026-07-07T01:35:15.701518,
9281c3964c982291,https://co.linkedin.com/jobs/view/montacarguista-elevador-at-agencia-de-aduanas-siaco-s-a-s-nivel-1-4436436749,Montacarguista / Elevador,Agencia de Aduanas SIACO S.A.S. Nivel 1,posted,2026-07-07T01:35:36.630567,173
05eeae881e810927,https://co.linkedin.com/jobs/view/administrador-a-textil-de-tienda-la-ceja-at-lili-pink-yoi-4437477790,Administrador/a Textil de tienda La ceja,,scraped,2026-07-07T01:35:39.216544,
b432932c873c5d5d,https://co.linkedin.com/jobs/view/profesional-asistente-junior-at-ayesa-digital-4433726008,Profesional asistente junior,Ayesa Digital,posted,2026-07-07T01:35:57.269865,175
ff9cdf165a35a4cf,https://co.linkedin.com/jobs/view/global-zoho-administrator-at-payjoy-4428149779,Global Zoho Administrator,,scraped,2026-07-07T01:36:00.248949,
6c0e71c5bd8bd29c,https://co.linkedin.com/jobs/view/labor-relations-lawyer-at-lean-solutions-group-4436431397,Labor Relations Lawyer,,scraped,2026-07-07T01:36:26.893819,
432121fe8891579c,https://co.linkedin.com/jobs/view/operario-de-bobinas-dt-i-at-hitachi-energy-4427902317,OPERARIO DE BOBINAS DT I,,scraped,2026-07-07T01:36:33.983570,
3fe7085e82dc3d58,https://co.linkedin.com/jobs/view/auxiliar-de-inspeccion-at-sgs-4433189722,AUXILIAR DE INSPECCION,,scraped,2026-07-07T01:36:40.671741,
42ea24d81b8af4c0,https://co.linkedin.com/jobs/view/operario-a-textil-at-skydrill-power-systems-llc-4436987759,Operario/a Textil,"SkyDrill Power Systems, LLC",posted,2026-07-07T01:36:58.732653,177
f8e8dd1ff42b54b2,https://co.linkedin.com/jobs/view/auxiliar-de-farmacia-valledupar-obra-o-labor-at-audifarma-s-a-4436320577,Auxiliar de Farmacia Valledupar  Obra o Labor,,scraped,2026-07-07T01:37:01.657926,
1f653a2cbf5cce20,https://co.linkedin.com/jobs/view/fleet-management-specialist-surface-at-epiroc-4435270891,Fleet Management Specialist Surface,,scraped,2026-07-07T01:38:12.325732,
d21e46fef0d78583,https://co.linkedin.com/jobs/view/salud-%C3%BAnete-a-nuestra-ruta-de-empleabilidad-at-centro-de-empleo-y-talento-4386585718,SALUD. ÚNETE A NUESTRA RUTA DE EMPLEABILIDAD,,scraped,2026-07-07T01:38:18.979919,
152ec103b9a1a057,https://co.linkedin.com/jobs/view/domiciliario-a-motorizado-a-sector-farmac%C3%A9utico-%E2%80%93-yopal-casanare-at-unidrogas-s-a-s-4436730000,"Domiciliario(a) Motorizado(a) / Sector Farmacéutico – Yopal, Casanare.",,scraped,2026-07-07T01:38:27.126756,
f1d6209fd21ccbb5,https://co.linkedin.com/jobs/view/aprio-colombia-resource-manager-at-aprio-4435811222,Aprio Colombia - Resource Manager,Aprio,posted,2026-07-07T01:38:45.691019,179
d5c71cb0c92f987b,https://co.linkedin.com/jobs/view/connext-colombia-%E2%80%93-opportunities-for-people-with-disabilities-at-connext-4435227296,Connext Colombia – Opportunities for People with Disabilities,,scraped,2026-07-07T01:38:48.367257,
4f0fbbc3ea8c7d57,https://co.linkedin.com/jobs/view/lead-recruiter-legal-healthcare-bilingual-at-adecco-4437417964,Lead Recruiter (Legal & Healthcare) | Bilingual,,scraped,2026-07-07T01:39:16.729048,
a4376597f1f99549,https://co.linkedin.com/jobs/view/t%C3%ADtulo%0A-%0A-%0A-operador-de-tractomula-at-riopaila-castilla-s-a-4436797717,"Título
            
                
                    Operador de Tractomula",RIOPAILA CASTILLA S. A.,posted,2026-07-07T01:39:36.643489,181
d42f062987944e21,https://co.linkedin.com/jobs/view/auxiliar-seguridad-dosquebradas-at-makro-colombia-4436433879,Auxiliar Seguridad Dosquebradas,,scraped,2026-07-07T01:39:39.271352,
af732648f25aa8af,https://co.linkedin.com/jobs/view/supervisor-motorizado-at-colombiana-de-vigilancia-y-seguridad-colviseg-ltda-4436948341,Supervisor Motorizado,,scraped,2026-07-07T01:39:45.917756,
6d5b62fdc797a856,https://co.linkedin.com/jobs/view/t%C3%A9cnico-en-mantenimiento-locativo-at-inmanrep-s-a-s-4435482137,Técnico En Mantenimiento Locativo,INMANREP S.A.S,posted,2026-07-07T01:40:01.369012,183
d3b8422c43ac41b7,https://co.linkedin.com/jobs/view/auditor-motorizado-mensajeria-at-domina-entrega-total-s-a-s-4436134337,Auditor Motorizado Mensajeria,Domina Entrega Total S.A.S,posted,2026-07-07T01:40:16.336418,185
6230e4aa16e0375b,https://co.linkedin.com/jobs/view/workforce-management-specialist-internal-position-at-arrise-4435473416,Workforce Management Specialist - INTERNAL POSITION,,scraped,2026-07-07T01:40:19.403737,
c450adf9e2430429,https://co.linkedin.com/jobs/view/node-team-lead-remote-work-at-bairesdev-4436227338,Node Team Lead - Remote Work,,scraped,2026-07-07T01:40:26.293938,
b562bdf8ee53709d,https://co.linkedin.com/jobs/view/conductor-grupooxi-at-oxicali-ltda-4436734947,Conductor Grupooxi,OXICALI LTDA,posted,2026-07-07T01:41:24.299815,187
2194551a06a4f438,https://co.linkedin.com/jobs/view/associate-real-time-management-aspiring-to-be-100%25-at-concentrix-4398856931,"Associate, Real Time Management (Aspiring to be 100%)",Concentrix,posted,2026-07-07T01:41:34.453165,189
e4573dec4bee105b,https://co.linkedin.com/jobs/view/vendedor-externo-tat-viajero-para-el-departamento-de-quind%C3%ADo-con-portafolio-de-electro-hogar-at-meico-s-a-4436906592,Vendedor externo TAT viajero para el departamento de Quindío con portafolio de electro hogar,,scraped,2026-07-07T01:41:37.241462,
db21abac45485b59,https://co.linkedin.com/jobs/view/auxiliar-servicios-generales-at-bautex-pty-ltd-4436453755,Auxiliar Servicios generales,,scraped,2026-07-07T01:41:48.026702,
fe20a97fb9419120,https://co.linkedin.com/jobs/view/operador-ptar-at-veolia-4436110763,Operador Ptar,,scraped,2026-07-07T01:41:55.282303,
05d46c8a55df5bc2,https://co.linkedin.com/jobs/view/armador-de-muebles-y-ensambladores-at-rypens-timmy-4436943426,Armador de muebles  y  ensambladores,"Rypens, Timmy",posted,2026-07-07T01:42:22.361842,191
685b2b906c1af12c,https://co.linkedin.com/jobs/view/react-frontend-tech-lead-trabajo-remoto-at-bairesdev-4436226689,React Frontend Tech Lead - Trabajo Remoto,,scraped,2026-07-07T01:42:25.087273,
6d7725da2da03dca,https://co.linkedin.com/jobs/view/internal-auditor-at-essity-4432749196,Internal Auditor,,scraped,2026-07-07T01:42:36.740557,
3ff0c2582e4138ec,https://co.linkedin.com/jobs/view/bookkeeper-%23-medell%C3%ADn-at-empresa-l%C3%ADder-4434669153,Bookkeeper # (Medellín),Empresa Líder,posted,2026-07-07T01:42:55.304354,193
6ed972e710e99457,https://co.linkedin.com/jobs/view/auxiliar-de-procesamiento-at-synlab-colombia-4436723188,Auxiliar de Procesamiento,,scraped,2026-07-07T01:42:57.913960,
e8ec1c8fc476e6dd,https://co.linkedin.com/jobs/view/auxiliar-de-sistemas-soporte-it-y-moodle-bogot%C3%A1-at-corporaci%C3%B3n-universitaria-cenda-4434661307,Auxiliar De Sistemas: Soporte It Y Moodle (Bogotá),,scraped,2026-07-07T01:43:05.254773,
885cf5b66e594355,https://co.linkedin.com/jobs/view/asesor-comercial-at-avanzar-soluciones-financieras-4436711821,Asesor Comercial,,scraped,2026-07-07T01:43:20.141038,
e69177eafa095cf8,https://co.linkedin.com/jobs/view/ejecutivo-de-ventas-sector-ferretero-barranquilla-at-meico-s-a-4436128555,Ejecutivo de Ventas Sector Ferretero / Barranquilla,,scraped,2026-07-07T01:43:27.881234,
75b1ab5c83f6b303,https://co.linkedin.com/jobs/view/vendedores-de-licores-impulsadores-mercaderistas-asesor-comercial-%242-900-000-at-salesland-4436945354,vendedores  de licores/Impulsadores / mercaderistas/ asesor comercial $2.900.000,,scraped,2026-07-07T01:43:37.504248,
18f059eb6c915ba5,https://co.linkedin.com/jobs/view/administrador-de-tienda-at-agaval-s-a-4436984948,Administrador de tienda,,scraped,2026-07-07T01:43:45.607440,
9d0ade922ca105e4,https://co.linkedin.com/jobs/view/ingeniero-electricista-at-ayesa-colombia-4436443365,Ingeniero electricista,Ayesa Colombia,posted,2026-07-07T01:44:18.309238,195
a433d0b66f9f85fe,https://co.linkedin.com/jobs/view/auxiliar-auditoria-inventarios-bogot%C3%A1-at-unidrogas-s-a-s-4437488523,Auxiliar auditoria/ inventarios Bogotá,,scraped,2026-07-07T01:44:20.993252,
d727500aa2d21c1f,https://co.linkedin.com/jobs/view/almacenista-de-obra-at-urbansa-s-a-4436318747,Almacenista de Obra,,scraped,2026-07-07T01:44:27.816545,
32ff3bcc24ea9f7e,https://co.linkedin.com/jobs/view/l%C3%ADder-de-facturaci%C3%B3n-cartera-y-cuentas-m%C3%A9dicas-at-orientame-foundation-4436939522,"Líder de Facturación, Cartera y Cuentas Médicas",,scraped,2026-07-07T01:44:39.543634,
466ce895a1fdb63b,https://co.linkedin.com/jobs/view/supervisor-de-calidad-at-recursivos-serviayuda-sas-4436962854,Supervisor de Calidad,,scraped,2026-07-07T01:44:46.985792,
81d351b9b1c621db,https://co.linkedin.com/jobs/view/analista-de-facturaci%C3%B3n-at-periferia-it-group-4435458253,Analista de facturación,,scraped,2026-07-07T01:45:04.247558,
a9efdabb6fbef518,https://co.linkedin.com/jobs/view/analista-de-ahorro-y-credito-at-pollos-vencedor-4436939519,Analista de ahorro y Credito,Pollos Vencedor,posted,2026-07-07T01:45:25.643896,197
b065bb38dba34c4e,https://co.linkedin.com/jobs/view/convocatoria-laboral-despacho-combo-y-auxiliar-de-preparaci%C3%B3n-at-agencia-de-empleo-comfamiliar-atl%C3%A1ntico-4435352313,Convocatoria laboral despacho combo y auxiliar de preparación,,scraped,2026-07-07T01:45:28.329502,
ea6961b3ecc1395d,https://co.linkedin.com/jobs/view/head-geocycle-at-holcim-colombia-4434675618,HEAD GEOCYCLE,,scraped,2026-07-07T01:45:38.552887,
91cff0e6e39673c5,https://co.linkedin.com/jobs/view/director-ti-telecomunicaciones-at-asesoramos-tys-services-s-a-s-4436440539,Director TI Telecomunicaciones,,scraped,2026-07-07T01:45:45.635682,
6108a986ec8bb5f7,https://co.linkedin.com/jobs/view/auxiliar-de-mantenimiento-at-casalimpia-s-a-4436445317,Auxiliar de mantenimiento,Casalimpia S.A.,posted,2026-07-07T01:46:04.418386,199
c95e51d242fe67aa,https://co.linkedin.com/jobs/view/ejecutivo-comercial-hotelero-at-jalo-4436716523,Ejecutivo comercial Hotelero,,scraped,2026-07-07T01:46:07.165967,
dc9d42d904eb6386,https://co.linkedin.com/jobs/view/auxiliar-de-servicios-generales-at-oral-plus-colombia-4436944413,Auxiliar de Servicios Generales,Oral Plus Colombia,posted,2026-07-07T01:46:36.704254,201
b98929365f305f2a,https://co.linkedin.com/jobs/view/vendedor-at-kodland-latinoam%C3%A9rica-4433977113,Vendedor,,scraped,2026-07-07T01:46:39.447442,
2eb257cbfdc4e3e1,https://co.linkedin.com/jobs/view/coordinador-de-taller-at-casa-inglesa-colombia-4436729034,Coordinador de Taller,,scraped,2026-07-07T01:47:02.505413,
be35f5b74cd50a59,https://co.linkedin.com/jobs/view/asesores-call-center-agendamiento-citas-at-servicios-profesionales-4436133401,Asesores call center agendamiento citas,Servicios Profesionales,posted,2026-07-07T01:47:29.818493,203
454f44715cf6e9ee,https://co.linkedin.com/jobs/view/consultor-de-riesgo-quimico-at-universia-colombia-4434647510,CONSULTOR DE RIESGO QUIMICO,,scraped,2026-07-07T01:47:32.829637,
3664516ffcf9d895,https://co.linkedin.com/jobs/view/curso-gratuito-y-virtual-de-mercadeo-e-impulso-at-comfenalco-valle-delagente-4436707995,Curso Gratuito y Virtual de  Mercadeo e Impulso,Comfenalco Valle delagente,posted,2026-07-07T01:47:49.920133,205
96c766ce1a30013d,https://co.linkedin.com/jobs/view/remote-executive-assistant-to-ceo-full-time-est-hours-at-sweet-robo-4437425547,Remote Executive Assistant to CEO (Full-Time | EST Hours),,scraped,2026-07-07T01:47:52.949466,
f3dab34c2c4f2e14,https://co.linkedin.com/jobs/view/analista-de-proyectos-y-desarrollo-log%C3%ADstico-bogot%C3%A1-at-empresa-l%C3%ADder-4436222971,Analista De Proyectos Y Desarrollo Logístico (Bogotá),Empresa Líder,posted,2026-07-07T01:48:21.352180,207
ac0b48e4f504a994,https://co.linkedin.com/jobs/view/supervisor-de-calidad-at-gente-%C3%BAtil-s-a-4435353307,Supervisor de calidad,,scraped,2026-07-07T01:48:23.887911,
12d47123a51e2673,https://co.linkedin.com/jobs/view/auxiliar-de-bodega-cargue-y-descargue-giron-at-gente-%C3%BAtil-s-a-4437476929,Auxiliar de bodega /cargue y descargue /Giron.,,scraped,2026-07-07T01:48:38.135612,
7ead81df2c00f6a5,https://co.linkedin.com/jobs/view/ejecutivo-senior-veh%C3%ADculos-at-megalinea-s-a-4436134328,Ejecutivo Senior Vehículos,MEGALINEA S.A.,posted,2026-07-07T01:49:15.699469,209
55084f666492758c,https://co.linkedin.com/jobs/view/asesor-a-de-belleza-zona-centro-sur-at-prosalon-distribuciones-4436946388,Asesor(a) de Belleza zona centro sur,PROSALON,posted,2026-07-07T01:49:27.350534,211
719fc48839a32d21,https://co.linkedin.com/jobs/view/oficial-imera-colombia-guatemala-at-save-the-children-colombia-oficial-4436792548,Oficial IMERA- Colombia-Guatemala,,scraped,2026-07-07T01:49:30.018315,
f834e06e793337bc,https://co.linkedin.com/jobs/view/administrador-tienda-deportiva-at-vasport-s-a-4436335016,Administrador tienda deportiva,Vasport S.A.,posted,2026-07-07T01:49:49.095842,213
0f0754830ad516e7,https://co.linkedin.com/jobs/view/supervisor-de-limpieza-hospitalaria-at-casalimpia-s-a-4436718494,Supervisor de  limpieza  hospitalaria,Casalimpia S.A.,posted,2026-07-07T01:50:01.983743,215
1a8d377b9438350b,https://co.linkedin.com/jobs/view/l%C3%ADder-de-servicio-medell%C3%ADn-sector-log%C3%ADstico-at-m%C3%A1s-empleo-andi-4436461037,Líder de servicio Medellín - Sector Logístico,,scraped,2026-07-07T01:50:04.598645,
1189224551df9931,https://co.linkedin.com/jobs/view/convocatoria-laboral-administrador-de-tienda-at-agencia-de-empleo-comfamiliar-atl%C3%A1ntico-4436952188,Convocatoria laboral Administrador de tienda,,scraped,2026-07-07T01:50:11.486359,
a3948d9a8f236b59,https://co.linkedin.com/jobs/view/promotor-asesor-comercial-vendedores-certificables-%24-2-300-000-at-salesland-4435349380,Promotor / Asesor comercial/ vendedores certificables  $ 2.300.000,,scraped,2026-07-07T01:50:21.175645,
c9cc34b5db3b0e47,https://co.linkedin.com/jobs/view/lider-comercial-at-mandomedio-colombia-4436940509,Lider Comercial,,scraped,2026-07-07T01:50:28.708376,
f20ef3c17d5eda91,https://co.linkedin.com/jobs/view/auxiliar-sst-at-azulk-4437480653,Auxiliar  SST,,scraped,2026-07-07T01:50:36.730084,
0919207a033b7b02,https://co.linkedin.com/jobs/view/agente-comercial-call-center-contrataci%C3%B3n-inmediata-proceso-virtual-at-groupcos-4432371429,Agente Comercial Call Center/Contratación Inmediata/Proceso Virtual,,scraped,2026-07-07T01:50:54.196557,
5f89d82524b4be9d,https://co.linkedin.com/jobs/view/asistente-operativo-seguros-atenci%C3%B3n-al-cliente-bogot%C3%A1-at-sin-nombre-4436235361,"Asistente Operativo - Seguros | Atención Al Cliente, Bogotá",Sin nombre,posted,2026-07-07T01:51:11.645710,217
8e12cb29f2694034,https://co.linkedin.com/jobs/view/asesor-a-de-ventas-bancario-at-coomeva-4436138258,Asesor/a de Ventas Bancario,,scraped,2026-07-07T01:51:14.586562,
27aa61358459e60f,https://co.linkedin.com/jobs/view/auxiliar-de-bodega-at-ups-4434663753,Auxiliar de Bodega,UPS,posted,2026-07-07T01:51:38.979632,103
1ca28e3af722ea08,https://co.linkedin.com/jobs/view/guarda-de-seguridad-bogot%C3%A1-reservista-con-o-sin-experiencia-at-servisiondecolombia-4432386091,Guarda de seguridad Bogotá reservista con o sin experiencia.,,scraped,2026-07-07T01:51:41.539793,
c7774bf0a6b208e4,https://co.linkedin.com/jobs/view/convocatoria-inclusiva-%E2%80%93-personas-con-discapacidad-at-grupo-mansi%C3%B3n-sas-4436971530,Convocatoria Inclusiva – Personas con Discapacidad,GRUPO MANSIÓN SAS,posted,2026-07-07T01:52:05.564605,219
5e4f35c8147960c3,https://co.linkedin.com/jobs/view/supervisor-de-puesto-con-experiencia-funza-at-securitas-colombia-4437111973,Supervisor de Puesto  Con Experiencia Funza,,scraped,2026-07-07T01:52:08.178855,
fb7537085be1cdba,https://co.linkedin.com/jobs/view/infor-xa-mapics-developer-at-programmers-io-4436068682,INFOR XA/Mapics Developer,,scraped,2026-07-07T01:52:15.835082,
7d145e7d596276cf,https://co.linkedin.com/jobs/view/conductor-c2-at-servysuministros-4436433878,Conductor  C2,,scraped,2026-07-07T01:52:23.794325,
092c37db1c1b3957,https://co.linkedin.com/jobs/view/carrier-sales-at-talento-4436366822,Carrier Sales,,scraped,2026-07-07T01:52:33.762872,
bd6fca45e6b3bbce,https://co.linkedin.com/jobs/view/analista-de-capacitaci%C3%B3n-de-rh-trabajo-remoto-at-bairesdev-4436249007,Analista de Capacitación de RH - Trabajo Remoto,,scraped,2026-07-07T01:52:45.547763,
7ee4568b2a0b0f8e,https://co.linkedin.com/jobs/view/empacador-empaques-especiales-at-essity-4433992527,Empacador Empaques Especiales,,scraped,2026-07-07T01:53:04.234516,
aa73b921f41102e1,https://co.linkedin.com/jobs/view/operador-de-montacargas-rio-claro-at-montacargas-am-m-s-a-s-4436129513,Operador de Montacargas  Rio Claro,,scraped,2026-07-07T01:53:12.046218,
907ec912e38e7b7c,https://co.linkedin.com/jobs/view/supervisor-de-corte-at-agua-bendita-s-a-s-4436439611,Supervisor de Corte,,scraped,2026-07-07T01:53:21.058920,
b07c5536112da753,https://co.linkedin.com/jobs/view/assistant-to-the-executive-team-at-wand-4436416220,Assistant to the Executive Team,,scraped,2026-07-07T01:53:27.526834,
833daec8fc1b4f38,https://co.linkedin.com/jobs/view/conductor-auxiliar-log%C3%ADstico-at-oilred-s-a-s-distribuidor-m%C3%A1ster-de-lubricantes-chevron-4436709859,Conductor  Auxiliar Logístico,,scraped,2026-07-07T01:53:42.083101,
efee96c1b2429c69,https://co.linkedin.com/jobs/view/auxiliar-comercio-exterior-at-agua-bendita-s-a-s-4435340741,Auxiliar Comercio Exterior,,scraped,2026-07-07T01:53:54.356715,
dc6a60bb460b1f4a,https://co.linkedin.com/jobs/view/director-a-jur%C3%ADdico-at-inter-rapid%C3%ADsimo-4432387085,Director/a Jurídico,,scraped,2026-07-07T01:54:00.687374,
51aa5714fb59ece7,https://co.linkedin.com/jobs/view/vendedor-telef%C3%B3nico-presencial-sin-%C3%B3-con-experiencia-at-global-contact-s-a-s-4436952187,Vendedor Telefónico Presencial sin ó con Experiencia,GLOBAL CONTACT S.A.S,posted,2026-07-07T01:54:34.354041,221
39c7120b87f0f34a,https://co.linkedin.com/jobs/view/auxiliar-administrativo-palmira-vacante-dirigida-a-personas-con-discapacidad-at-comfandi-4436792996,Auxiliar administrativo/Palmira /Vacante dirigida a personas con discapacidad,Comfandi,posted,2026-07-07T01:54:46.661948,223
1748d5a9f899c26c,https://co.linkedin.com/jobs/view/asistente-de-transporte-administrativo-at-enecon-4436451010,Asistente de transporte (administrativo),,scraped,2026-07-07T01:54:49.296470,
d0916af7ccce6fdb,https://co.linkedin.com/jobs/view/controlador-de-seguridad-y-trafico-at-agencia-de-aduanas-siaco-s-a-s-nivel-1-4436942427,Controlador de seguridad y trafico,Agencia de Aduanas SIACO S.A.S. Nivel 1,posted,2026-07-07T01:55:10.769946,225
c16b6f2c7c294a3a,https://co.linkedin.com/jobs/view/auxiliar-visual-merchandising-at-agaval-s-a-4432365993,auxiliar visual merchandising,,scraped,2026-07-07T01:55:14.028773,
2f0e52f6d5cf3c61,https://co.linkedin.com/jobs/view/l%C3%ADder-de-equipo-de-ventas-at-tripleten-4436441540,Líder de Equipo de Ventas,TripleTen,posted,2026-07-07T01:55:32.186044,227
29f9726864969b62,https://co.linkedin.com/jobs/view/film-scene-description-specialist-at-alignerr-4434920033,Film Scene Description Specialist,,scraped,2026-07-07T01:55:35.192454,
f46d773bcb71e934,https://co.linkedin.com/jobs/view/aparejador-at-comfenalco-valle-delagente-4436951212,Aparejador,Comfenalco Valle delagente,posted,2026-07-07T01:56:12.808502,229
073e5d4d1e399f7f,https://co.linkedin.com/jobs/view/chofer-de-bus-at-organizaci%C3%B3n-suma-s-a-s-4435336801,chofer de bus,,scraped,2026-07-07T01:56:15.706714,
97c16e0ac11e98a9,https://co.linkedin.com/jobs/view/asesor-a-de-integral-de-oficina-at-coomeva-4436131399,Asesor/a de Integral de Oficina,,scraped,2026-07-07T01:56:21.983749,
dc3f829e39c3673c,https://co.linkedin.com/jobs/view/guarda-de-seguridad-y-omt-en-el-norte-y-occidente-de-la-ciudad-de-bogot%C3%A1-at-fortox-security-group-4435348389,Guarda de seguridad y OMT en el norte  y occidente de la ciudad de Bogotá,,scraped,2026-07-07T01:56:29.182496,
a347c1b858ffd567,https://co.linkedin.com/jobs/view/t%C3%A9cnico-mec%C3%A1nico-montacargas-o-maquinaria-amarilla-siberia-funza-at-postobon-s-a-4435341729,Técnico Mecánico Montacargas o maquinaria amarilla siberia funza,,scraped,2026-07-07T01:56:37.479236,
580b73c53fbb632e,https://co.linkedin.com/jobs/view/auxiliar-de-mantenimiento-y-lider-de-mantenimiento-at-cl%C3%ADnica-medical-4437479720,Auxiliar de mantenimiento y Lider de mantenimiento,,scraped,2026-07-07T01:56:44.270714,
9aab3e0b2f46d8ad,https://co.linkedin.com/jobs/view/auxiliar-de-enfermeria-at-fundaci%C3%B3n-cardiovascular-de-colombia-4432381282,Auxiliar de Enfermeria,,scraped,2026-07-07T01:56:51.542359,
00f86c28c408079e,https://co.linkedin.com/jobs/view/profesional-en-estructura-organizacional-rrhh-at-colgas-4435342684,Profesional en Estructura Organizacional RRHH,,scraped,2026-07-07T01:56:58.248354,
f65c7c63e2208089,https://co.linkedin.com/jobs/view/agile-project-manager-at-cisco-networking-academy-4436059705,Agile Project Manager,Cisco Networking Academy,posted,2026-07-07T01:57:15.410486,231
58d9ed9052f7f6e3,https://co.linkedin.com/jobs/view/buscamos-asesor-de-servicio-al-cliente-madrugada-descansa-dos-a-tres-d%C3%ADas-en-la-semana-at-heatron-4436333061,Buscamos Asesor de Servicio al Cliente Madrugada Descansa dos a tres días en la semana,,scraped,2026-07-07T01:57:18.303828,
9d6b11b0fda75ac6,https://co.linkedin.com/jobs/view/auxiliar-de-enfermeria-at-clinica-metco-ips-4436141164,Auxiliar de enfermeria,,scraped,2026-07-07T01:57:31.875157,
d0b9f20f2c22cb15,https://co.linkedin.com/jobs/view/auxiliar-contable-at-health-life-ips-4436435815,Auxiliar contable,Health & Life IPS,posted,2026-07-07T01:57:48.317696,233
9e341afba22f5bbe,https://co.linkedin.com/jobs/view/l%C3%ADder-de-proyecto-inhouse-at-casalimpia-s-a-4436942428,Líder de Proyecto Inhouse,Casalimpia S.A.,posted,2026-07-07T01:58:01.569075,235
c5d880936e7bdd73,https://co.linkedin.com/jobs/view/auxiliar-de-enfermer%C3%ADa-at-proyectar-salud-ips-san-angel-4436442505,Auxiliar de enfermería,,scraped,2026-07-07T01:58:04.054628,
68e163826a065a85,https://co.linkedin.com/jobs/view/impulsador-fines-de-semana-sin-experiencia-at-salesland-4436728049,Impulsador fines de semana sin Experiencia,,scraped,2026-07-07T01:58:22.559046,
52177eaf314821e3,https://co.linkedin.com/jobs/view/profesional-contrataci%C3%B3n-at-fundaci%C3%B3n-cardiovascular-de-colombia-4436132373,Profesional Contratación,,scraped,2026-07-07T01:58:30.616750,
531f529f141d82b5,https://co.linkedin.com/jobs/view/ejecutivo-a-financiero-externo-at-coomeva-4436143109,Ejecutivo(a) Financiero Externo,,scraped,2026-07-07T01:58:37.141520,
1e848942f2737738,https://co.linkedin.com/jobs/view/docente-de-ingenier%C3%ADa-ambiental-at-universidad-incca-de-colombia-4437499005,Docente de Ingeniería Ambiental,Universidad INCCA de Colombia,posted,2026-07-07T01:58:52.654213,237
745fdf0abd875b19,https://co.linkedin.com/jobs/view/operador-de-grua-at-hesego-ingenier%C3%ADa-sas-4437481705,operador de grua,,scraped,2026-07-07T01:58:55.043218,
cd082da6e3d5e9e1,https://co.linkedin.com/jobs/view/regente-administrativo-glosas-at-performance-paints-ltd-4436129504,Regente Administrativo Glosas,,scraped,2026-07-07T01:59:01.382072,
7116499d7ea78e36,https://co.linkedin.com/jobs/view/enfermero-a-auditor-at-comfandi-4436902766,Enfermero (a) Auditor,Comfandi,posted,2026-07-07T01:59:26.727285,239
4a1453c49c3c5965,https://co.linkedin.com/jobs/view/cajero-ii-at-brink%E2%80%99s-inc-4261041262,CAJERO II,,scraped,2026-07-07T01:59:29.356907,
a32992eb9eeebeaf,https://co.linkedin.com/jobs/view/coordinador-facturaci%C3%B3n-at-liquitty-4432384117,Coordinador Facturación,,scraped,2026-07-07T01:59:49.328369,
3f93334c4d2537d6,https://co.linkedin.com/jobs/view/t%C3%A9cnico-de-mantenimiento-at-people-marketing-s-a-s-4436912231,Técnico de mantenimiento,,scraped,2026-07-07T02:00:29.684033,
4980a5f77c4464eb,https://co.linkedin.com/jobs/view/dependiente-judicial-at-gherrera-abogados-asociados-in-association-with-clyde-co-4436446290,Dependiente judicial,,scraped,2026-07-07T02:00:35.824087,
b019b4a3dfe059c8,https://co.linkedin.com/jobs/view/regional-general-manager-lasa-at-united-imaging-healthcare-latin-america-4436094272,Regional General Manager - LASA,,scraped,2026-07-07T02:00:43.245267,
dc9c5e5960837852,https://co.linkedin.com/jobs/view/l%C3%ADder-equipo-de-atenci%C3%B3n-de-necesidades-b%C3%A1sicas-at-danish-refugee-council-dansk-flygtningehj%C3%A6lp-4434362612,Líder Equipo de Atención de Necesidades Básicas,,scraped,2026-07-07T02:01:54.994725,
85a64b6bc4026ed6,https://co.linkedin.com/jobs/view/analista-bi-at-banco-de-las-microfinanzas-bancamia-s-a-4426620644,ANALISTA BI,,scraped,2026-07-07T02:02:02.651580,
c3750e1af9a4ff7a,https://co.linkedin.com/jobs/view/almacenista-at-latinco-s-a-4437481711,Almacenista,,scraped,2026-07-07T02:02:09.601056,
ffdfcf6569e4930e,https://co.linkedin.com/jobs/view/docente-de-ingl%C3%A9s-para-bachillerato-at-universia-colombia-4436273111,Docente de Inglés para bachillerato,,scraped,2026-07-07T02:02:16.053005,
952900ed21460a53,https://co.linkedin.com/jobs/view/ingeniera-alimentos-comercial-at-gente-%C3%BAtil-s-a-4436910295,Ingeniera Alimentos comercial,,scraped,2026-07-07T02:02:22.685303,
5c71fea408e102eb,https://co.linkedin.com/jobs/view/analista-de-soporte-t%C3%A9cnico-at-imbera-colombia-4436326285,Analista de soporte técnico,,scraped,2026-07-07T02:02:59.056117,
fbb8d4edcffd0244,https://co.linkedin.com/jobs/view/auxiliares-cocina-planta-de-produccion-at-hornitos%C2%AE-panader%C3%ADa-pasteler%C3%ADa-4435339700,Auxiliares cocina planta de produccion,,scraped,2026-07-07T02:03:06.052096,
d3c794eec2d16860,https://co.linkedin.com/jobs/view/flebotomista-auxiliar-de-enfermer%C3%ADa-cartagena-at-synlab-colombia-4436709861,Flebotomista / Auxiliar De Enfermería / Cartagena,,scraped,2026-07-07T02:03:12.613143,
a68524a9dcb02b7c,https://co.linkedin.com/jobs/view/asesores-de-atenci%C3%B3n-al-cliente-call-center-contrato-indefinido-despues-de-2-meses-at-heatron-4437177337,Asesores de Atención al Cliente Call Center// contrato indefinido despues de 2 meses,Heatron,posted,2026-07-07T02:03:31.650245,241
fd39e8256e91e76f,https://co.linkedin.com/jobs/view/l%C3%ADder-de-tienda-sector-alimentos-at-juan-valdez-caf%C3%A9-4436333050,"Líder de Tienda, Sector Alimentos",,scraped,2026-07-07T02:03:34.374674,
eb44c11afb27300e,https://co.linkedin.com/jobs/view/electricista-industrial-at-empaques-industriales-de-colombia-sas-4436913146,Electricista Industrial,,scraped,2026-07-07T02:03:41.260395,
8e4680f588041e4a,https://co.linkedin.com/jobs/view/analista-senior-de-finanzas-corporativas-at-ita%C3%BA-colombia-4435261635,Analista Senior de Finanzas Corporativas,Itaú Colombia,posted,2026-07-07T02:04:07.458428,243
191a2b2220db4817,https://co.linkedin.com/jobs/view/guardas-de-seguridad-privada-cali-sector-comercial-at-seguridad-omega-4437479749,Guardas de seguridad privada  Cali  Sector comercial,,scraped,2026-07-07T02:04:10.112669,
e0cc955e6decdfc6,https://co.linkedin.com/jobs/view/profesor-de-tecnolog%C3%ADa-biling%C3%BCe-zipaquir%C3%A1-at-innova-schools-colombia-4436933907,Profesor de Tecnología Bilingüe Zipaquirá,Innova Schools Colombia,posted,2026-07-07T02:04:30.531589,245
0bff4458a0a2d673,https://co.linkedin.com/jobs/view/auxiliar-farmacia-central-de-mezclas-at-audifarma-s-a-4436716521,Auxiliar Farmacia Central de Mezclas,,scraped,2026-07-07T02:04:33.132700,
88dbd17ab820f6b5,https://co.linkedin.com/jobs/view/eds-coordinator-ii-at-worley-4436756804,EDS Coordinator II,Worley,posted,2026-07-07T02:04:48.088793,247
c1ebcde1e68076ca,https://co.linkedin.com/jobs/view/visitador-medico-at-nutrabiotics-s-a-s-4437488519,Visitador Medico,,scraped,2026-07-07T02:04:51.041104,
09fd008f3f79f320,https://co.linkedin.com/jobs/view/conserje-o-auxiliar-de-control-de-accesos-at-asertempo-colombia-s-a-s-4436913136,Conserje o Auxiliar de Control de Accesos,,scraped,2026-07-07T02:04:57.743680,
19be68575f946d1c,https://co.linkedin.com/jobs/view/supervisor-de-granjas-jr-at-cargill-4432721532,Supervisor de Granjas Jr,Cargill,posted,2026-07-07T02:06:19.442032,249
59ec1250b1765e93,https://co.linkedin.com/jobs/view/customer-service-representative-barranquilla-at-taskus-4303736738,Customer Service Representative - Barranquilla,,scraped,2026-07-07T02:06:22.099159,
3e05ceeec2fe050c,https://co.linkedin.com/jobs/view/buying-lead-at-dentsu-4435480591,Buying Lead,,scraped,2026-07-07T02:06:36.601150,
1865b7378a1836dd,https://co.linkedin.com/jobs/view/auxiliar-de-cocina-at-health-life-ips-4436437681,Auxiliar de cocina,Health & Life IPS,posted,2026-07-07T02:06:55.364653,251
ecce82edc781d0ee,https://co.linkedin.com/jobs/view/analista-planeaci%C3%B3n-financiera-at-challenger-4437174459,Analista Planeación Financiera,,scraped,2026-07-07T02:06:58.403097,
1991f66b5a7e77f3,https://co.linkedin.com/jobs/view/jefe-de-tesorer%C3%ADa-at-messer-colombia-4435404100,Jefe de Tesorería,,scraped,2026-07-07T02:07:05.901968,
957bd6ed5c1cce8b,https://co.linkedin.com/jobs/view/buscamos-aprendices-t%C3%A9cnicos-o-tecn%C3%B3logos-at-bpo-global-services-s-a-s-4436317776,Buscamos aprendices técnicos o tecnólogos,,scraped,2026-07-07T02:07:14.572125,
7b63ee21c9f2900f,https://co.linkedin.com/jobs/view/auxiliar-de-laboratorio-producci%C3%B3n-de-cosm%C3%A9ticos-at-preasesor%C3%ADas-empresariales-4435473663,Auxiliar de Laboratorio  Producción de Cosméticos,,scraped,2026-07-07T02:07:21.473263,
5bd71a6d858331e3,https://co.linkedin.com/jobs/view/remote-bilingual-medical-receptionist-spanish-english-at-vital-virtuals-global-hr-solutions-4436028900,Remote Bilingual Medical Receptionist (Spanish/English),,scraped,2026-07-07T02:07:31.627855,
6922c2d8c6775258,https://co.linkedin.com/jobs/view/abogado-a-especialista-en-derecho-bancario-at-universia-colombia-4434696407,Abogado(a) Especialista en Derecho Bancario,,scraped,2026-07-07T02:07:58.101669,
52507c8ff5e19905,https://co.linkedin.com/jobs/view/ingeniero-a-para-proyectos-de-urbanizaci%C3%B3n-at-1a-ingenieros-4433949201,Ingeniero/a para Proyectos de Urbanización,1A Ingenieros,posted,2026-07-07T02:09:18.526481,253
283385e1b25d2cc0,https://co.linkedin.com/jobs/view/l%C3%ADder-de-tienda-sector-alimentos-at-juan-valdez-caf%C3%A9-4436435853,"Líder de Tienda, Sector Alimentos",,scraped,2026-07-07T02:09:21.190464,
b67169d92ce3f873,https://co.linkedin.com/jobs/view/analista-de-operaciones-junior-at-ibm-4433114700,Analista de operaciones Junior,IBM,posted,2026-07-07T02:09:48.757877,255
6b0441b761cd6720,https://co.linkedin.com/jobs/view/auxiliar-de-laboratorio-auxiliar-de-enermer%C3%ADa-monteria-at-synlab-colombia-4436796846,Auxiliar De Laboratorio / Auxiliar De Enermería / Monteria,,scraped,2026-07-07T02:09:51.312510,
8565faa15e7415ea,https://co.linkedin.com/jobs/view/buscamos-personas-que-quieran-crecer-con-nosotros-a-largo-plazo-at-evolve-your-english-4432383175,Buscamos personas que quieran crecer con nosotros a largo plazo,,scraped,2026-07-07T02:09:58.676693,
b0702a24126d4d38,https://co.linkedin.com/jobs/view/top%C3%B3grafo-at-ingeomega-4436912207,Topógrafo,,scraped,2026-07-07T02:10:05.993214,
42a88b7f0a0178ce,https://co.linkedin.com/jobs/view/asesores-de-atenci%C3%B3n-al-cliente-call-center-at-heatron-4436914106,Asesores de Atención al Cliente Call Center,,scraped,2026-07-07T02:10:19.543583,
dc730e8a7840ccf1,https://co.linkedin.com/jobs/view/auxiliar-comercial-cali-at-copservir-4436158517,AUXILIAR COMERCIAL CALI,,scraped,2026-07-07T02:10:38.685631,
6643f616e720c6ac,https://co.linkedin.com/jobs/view/aprendiz-administrativo-at-deltec-s-a-4435799701,Aprendiz Administrativo,DELTEC S.A.,posted,2026-07-07T02:10:56.557078,257
6691f7d128aa220d,https://co.linkedin.com/jobs/view/director-data-y-anal%C3%ADtica-at-seguros-del-estado-s-a-4436242911,Director Data y Analítica,,scraped,2026-07-07T02:10:59.234801,
667e180cb8fcc88b,https://co.linkedin.com/jobs/view/profesional-en-entrenamiento-en-aplicaciones-clinicas-xp-y-arcos-en-c-at-siemens-healthineers-4433187492,Profesional en entrenamiento en Aplicaciones Clinicas XP y Arcos en C,,scraped,2026-07-07T02:11:09.818803,
882de6799ce92d69,https://co.linkedin.com/jobs/view/coordinador-de-inventario-y-logistica-at-empresa-confidencial-4433999328,Coordinador de inventario y logistica,Empresa Confidencial,posted,2026-07-07T02:11:26.728515,259
b46ad7cf051d2ab8,https://co.linkedin.com/jobs/view/cartagena-promotor-de-venta-almacenes-de-cadena-sector-de-la-construcion-y-o-ferreteria-at-espacio-y-mercadeo-4436179527,CARTAGENA -promotor de venta / almacenes de cadena / sector de la construcion y/o ferreteria,,scraped,2026-07-07T02:11:29.588618,
2e6d738feb3774cb,https://co.linkedin.com/jobs/view/ayudantes-de-construccion-at-gente-%C3%BAtil-s-a-4435357242,Ayudantes de Construccion,,scraped,2026-07-07T02:11:39.745187,
66b5b3e783d729de,https://co.linkedin.com/jobs/view/t%C3%A9cnico-electromec%C3%A1nico-junior-mantenimiento-industrial-at-pulpafruit-s-a-s-4437477786,Técnico Electromecánico Junior / Mantenimiento Industrial,,scraped,2026-07-07T02:11:46.235758,
fa64e7c88950fe4f,https://co.linkedin.com/jobs/view/analista-administrativo-de-operaciones-%E2%80%93-costos-variables-at-m%C3%A1s-empleo-andi-4436455262,Analista Administrativo de Operaciones – Costos Variables,,scraped,2026-07-07T02:11:53.882445,
8172c081c90c62dc,https://co.linkedin.com/jobs/view/asistente-comercial-at-unops-4432376977,Asistente Comercial,,scraped,2026-07-07T02:12:00.800827,
c03b8c40bf1d628f,https://co.linkedin.com/jobs/view/community-manager-at-grupo-mx-4436320579,Community manager,,scraped,2026-07-07T02:12:09.095069,
860614df7d6de654,https://co.linkedin.com/jobs/view/auxiliar-de-servicios-generales-at-m%C3%A1s-empleo-andi-4436452339,AUXILIAR DE SERVICIOS GENERALES,,scraped,2026-07-07T02:12:16.640726,
b8e5ab5a16959aaf,https://co.linkedin.com/jobs/view/bookkeeper-hospitality-industry-at-howard-4437459044,Bookkeeper (Hospitality Industry),,scraped,2026-07-07T02:12:23.636087,
549377f7559c141f,https://co.linkedin.com/jobs/view/analista-de-contrataci%C3%B3n-rrhh-at-garant%C3%ADa-temporal-ltda-4437490451,analista de contratación RRHH,,scraped,2026-07-07T02:12:43.431369,
a4a6ae53438f4775,https://co.linkedin.com/jobs/view/curso-gratuito-y-virtual-de-mercadeo-e-impulso-at-comfenalco-valle-delagente-4432382229,Curso Gratuito y Virtual de  Mercadeo e Impulso,Comfenalco Valle delagente,posted,2026-07-07T02:14:02.088962,205
6392d84401c41a4a,https://co.linkedin.com/jobs/view/topographic-surveyor-at-utopia-design-4436435631,Topographic Surveyor,,scraped,2026-07-07T02:14:04.678682,
